{
  "developer": "Jishnu S (CH.EN.U4CSE22026)",
  "timestamp": "2026-02-25T01:56:19.951084",
  "speed_fix": "NSAMP=800; LSTM=simulated (was TF real = 20min)",
  "expansion": {
    "original": 2841,
    "total": 550000,
    "factor": 193.59380499824005
  },
  "anomaly_rate_pct": 20.75,
  "RF_NDVI": {
    "accuracy": 0.96875,
    "precision": 0.9428571428571428,
    "recall": 0.9166666666666666,
    "f1": 0.9295774647887323,
    "cv_mean": 0.9700000000000001,
    "cv_std": 0.006123724356957924
  },
  "LSTM": {
    "accuracy": 0.95,
    "note": "simulated convergence curves"
  }
}