{
  "developer": "Jishnu S (CH.EN.U4CSE22026)",
  "timestamp": "2026-02-25T01:58:31.102509",
  "fix": "Weather trigger now uses max(drought, flood, cold) \u2014 covers all disasters",
  "trigger_flip_pct": 0.045,
  "n_claims": 500,
  "results": {
    "accuracy": 0.922,
    "precision": 0.9796747967479674,
    "recall": 0.8763636363636363,
    "f1": 0.9251439539347409,
    "genuine_approved_pct": 0.8763636363636363,
    "fraud_blocked_pct": 0.9666666666666667,
    "avg_proc_sec": 2.5162600000000004
  }
}