{
  "developer": "Jishnu S (CH.EN.U4CSE22026)",
  "timestamp": "2026-02-25T02:01:15.695845",
  "noise_config": {
    "gps_spoof_rate": 0.045
  },
  "farmers": 20,
  "states": 8,
  "total_insured": 1532000,
  "affected_in_disaster": 3,
  "accuracy": {
    "gps_match": 0.954,
    "precision": 0.991442542787286,
    "recall": 0.9541176470588235,
    "f1": 0.97242206235012,
    "cv_mean": 0.9517798313758494,
    "cv_std": 0.0073998151455215355
  }
}