{
  "hidden_units": 32,
  "seq_len": 110,
  "pred_len": 10,
  "epochs_trained": 50,
  "best_val_loss": 0.5081101631128049,
  "rmse": 0.18294546742164933,
  "X_mean": 0.3798914063820173,
  "X_std": 0.22724928227082658,
  "y_mean": 0.37901109104877406,
  "y_std": 0.25665085371976193,
  "train_history": {
    "train_loss": [
      0.9590098659679527,
      0.9562847823051459,
      0.9853735193300327,
      0.9574866600131763,
      0.9451424118967846,
      0.9348806048442317,
      0.9056722359979784,
      0.9138299299714756,
      0.9051744801150611,
      0.9041426200848679,
      0.8677097994884769,
      0.8886991718966623,
      0.8714130301808326,
      0.8666204591890518,
      0.8513996806787898,
      0.8559200502814729,
      0.8609639510824695,
      0.8347086636160171,
      0.8306452898437272,
      0.8222172424087648,
      0.8347428525277074,
      0.8129715696336006,
      0.7949081904562108,
      0.7999628805159801,
      0.7890980789324099,
      0.7802126972945537,
      0.7694339549934401,
      0.7813595422807147,
      0.7527857689543744,
      0.7573692606137684,
      0.749334167907003,
      0.7485975852078082,
      0.729171491348616,
      0.7346327032388014,
      0.737910132008172,
      0.7212434501282704,
      0.7118270814475104,
      0.7102213443491426,
      0.7072181175998374,
      0.6924286980489484,
      0.6941543253549345,
      0.6905719261392469,
      0.6791313622053562,
      0.6904934295398623,
      0.6523894032820909,
      0.6647959951301676,
      0.6544267903982433,
      0.6598667279998972,
      0.6554731656610712,
      0.638241139303217
    ],
    "val_loss": [
      0.772359169744995,
      0.7659236953476575,
      0.7591819724743927,
      0.7525515905478283,
      0.7461726380909878,
      0.7399197071574631,
      0.7337607846415357,
      0.7276922354692014,
      0.7215177276687961,
      0.7154270330394001,
      0.7094412961882166,
      0.7035303737879933,
      0.6975566218709912,
      0.69162078359072,
      0.6857420452663748,
      0.6797795357640284,
      0.6738814096613388,
      0.6682381025796287,
      0.6624378098340553,
      0.6568373040354683,
      0.6511525239477806,
      0.6454472461373137,
      0.6401242623412563,
      0.6346129339966154,
      0.6291834628172371,
      0.6239302373791581,
      0.6186699360466328,
      0.613318966071901,
      0.6081696976986298,
      0.6030532746719142,
      0.5978742238984871,
      0.5928030160466567,
      0.5878953380593949,
      0.5830246711026497,
      0.5780343424879736,
      0.5730793992827041,
      0.568092500863043,
      0.5632411036187311,
      0.5585125812161765,
      0.5538484928671132,
      0.5492249421891605,
      0.5444561710234154,
      0.5397836753620869,
      0.5350007624440537,
      0.5304616365438803,
      0.5258298915189914,
      0.5213423129766355,
      0.5170333537686883,
      0.5125208862950146,
      0.5081101631128049
    ]
  }
}